measurement_id,sample_id,measurement_type,data.hole_mobility.value,data.hole_mobility.error,data.hole_threshold_voltage.value,data.on_off_current.value,meta.mobility_regime,meta.environment,meta.subthreshold_voltage,meta.direction,meta.Vds,meta.Vg_range,meta.temperature
1,1,transfer_curve,0.11,,,380.0,saturation,air,8.3,,,"[-60,30]",
2,2,transfer_curve,0.29,,,160000.0,saturation,air,2.6,,,"[-60,30]",
3,3,transfer_curve,0.23,,,230000.0,saturation,air,2.4,,,"[-60,30]",
4,4,transfer_curve,0.73,,,610000.0,saturation,air,2.2,,,"[-60,30]",
5,5,transfer_curve,1.86,,,16000.0,saturation,air,3.0,,,"[-60,30]",
6,6,transfer_curve,0.21,,,74000.0,saturation,air,3.3,,,"[-60,30]",
7,7,transfer_curve,0.34,,,8000.0,saturation,air,5.7,,,"[-60,30]",
8,8,transfer_curve,0.24,,,140000.0,saturation,air,2.3,,,"[-60,30]",
9,9,transfer_curve,1.97,,,1300000.0,saturation,air,2.2,,,"[-60,30]",
10,10,transfer_curve,0.69,,,670000.0,saturation,air,2.1,,,"[-60,30]",
11,11,transfer_curve,2.04,,,1500000.0,saturation,air,2.1,,,"[-60,30]",
12,12,transfer_curve,0.81,,,,saturation,nitrogen,,,-80.0,"[-80,10]",
13,13,transfer_curve,1.53,,,,saturation,nitrogen,,,-80.0,"[-80,10]",
14,14,transfer_curve,0.9,,,,saturation,nitrogen,,,-80.0,"[-80,10]",
15,15,transfer_curve,1.1,,,,saturation,nitrogen,,,-80.0,"[-80,10]",
16,16,transfer_curve,1.25,,,,saturation,nitrogen,,,-80.0,"[-80,10]",
17,17,transfer_curve,1.3,,,,saturation,nitrogen,,,-80.0,"[-80,10]",
18,18,transfer_curve,1.25,,,,saturation,nitrogen,,,-80.0,"[-80,10]",
19,19,transfer_curve,0.9,,,,saturation,nitrogen,,,-80.0,"[-80,10]",
20,20,transfer_curve,0.6,,,,saturation,nitrogen,,,-80.0,"[-80,10]",
21,21,transfer_curve,1.0,,,,saturation,air,,,,,
22,22,transfer_curve,3.8,,,,saturation,air,,,,,
23,23,transfer_curve,8.5,,,,saturation,air,,,,,
24,24,transfer_curve,6.85,,2.0,55000000.0,saturation,air,0.9,,-60.0,"[-60,10]",
25,25,transfer_curve,7.25,,2.0,55000000.0,saturation,air,0.9,,-60.0,"[-60,10]",
26,26,transfer_curve,5.75,,-1.0,50500000.0,saturation,air,1.2,,-80.0,"[-30,5]",
27,27,transfer_curve,7.95,,-1.0,50500000.0,saturation,air,1.05,,-80.0,"[-30,5]",
28,28,transfer_curve,7.85,,-1.5,50500000.0,saturation,air,1.05,,-80.0,"[-30,5]",
29,29,transfer_curve,0.15,,-5.0,,saturation,nitrogen,,,-40.0,"[-40,20]",77.0
30,30,transfer_curve,2.1,,5.0,,saturation,nitrogen,,,-40.0,"[-40,20]",227.0
31,31,transfer_curve,9.0,,25.0,,saturation,nitrogen,,,-40.0,"[-40,20]",377.0
32,32,transfer_curve,4.4,,0.0,5500000.0,saturation,air,1.1,,-60.0,"[-60,10]",
33,33,transfer_curve,2.65,,0.0,550000.0,saturation,air,1.1,,-60.0,"[-60,10]",
34,34,transfer_curve,3.5,,-2.0,50000000.0,saturation,air,1.65,,-60.0,"[-40,5]",
35,35,transfer_curve,1.16,,9.7,200000.0,saturation,air,,,,"[-60,20]",
36,36,transfer_curve,3.39,,6.4,2000000.0,saturation,air,,,,"[-60,20]",
37,37,transfer_curve,5.8,,6.3,3000000.0,saturation,air,,,,"[-60,20]",
38,38,transfer_curve,6.76,,1.7,10000000.0,saturation,air,,,,"[-60,20]",
39,39,transfer_curve,2.57,,4.6,10000000.0,saturation,air,,,,"[-60,20]",
40,40,transfer_curve,6.0,,,,saturation,air,,,,"[-60,20]",
41,41,transfer_curve,5.0,,,,saturation,air,,,,"[-60,20]",
42,42,transfer_curve,4.0,,,,saturation,air,,,,"[-60,20]",
43,43,transfer_curve,0.0003,,,,saturation,air,,,-60.0,"[-80,0]",
44,44,transfer_curve,0.00085,,,,saturation,air,,,-60.0,"[-80,0]",
45,45,transfer_curve,0.0035,,,,saturation,air,,,-60.0,"[-80,0]",
46,46,transfer_curve,0.00057,,,,saturation,air,,,-60.0,"[-80,0]",
47,47,transfer_curve,9.5e-05,,,,linear,air,,,-10.0,"[-80,0]",
48,48,transfer_curve,0.0002,,,,linear,air,,,-10.0,"[-80,0]",
49,49,transfer_curve,0.00102,,,,linear,air,,,-10.0,"[-80,0]",
50,50,transfer_curve,0.000365,,,,linear,air,,,-10.0,"[-80,0]",
51,51,transfer_curve,0.0484,0.02,-15.5,,saturation,nitrogen,,,-30.0,"[-30,0]",
52,52,transfer_curve,0.1812,0.03,-13.0,,saturation,nitrogen,,,-30.0,"[-30,0]",
53,53,transfer_curve,0.0901,0.013,-12.4,,saturation,nitrogen,,,-30.0,"[-30,0]",
54,54,transfer_curve,0.0641,0.012,-12.9,,saturation,nitrogen,,,-30.0,"[-30,0]",
55,55,transfer_curve,0.2,0.02,-15.0,10000000.0,saturation,air,,,-80.0,"[-100,0]",
56,56,transfer_curve,0.09,0.05,,100.0,saturation,nitrogen,,,,"[-20,10]",
57,57,transfer_curve,0.14,0.01,,1000.0,saturation,nitrogen,,,,"[-20,10]",
58,58,transfer_curve,0.00015,6.75e-05,-35.0,100.0,saturation,nitrogen,,,,"[-100,20]",
59,59,transfer_curve,0.02,0.01496,-25.0,1000.0,saturation,nitrogen,,,,"[-100,20]",
60,60,transfer_curve,0.06,0.0125,-22.5,10000.0,saturation,nitrogen,,,,"[-100,20]",
61,61,transfer_curve,0.15,0.075,-15.0,1000000.0,saturation,nitrogen,,,,"[-100,20]",
62,62,transfer_curve,0.45,0.1,-5.0,100000.0,saturation,nitrogen,,,,"[-100,20]",
63,63,transfer_curve,0.00045,0.0002,-35.0,100.0,saturation,nitrogen,,,,"[-100,20]",
64,64,transfer_curve,0.45,0.0496,-25.0,1000.0,saturation,nitrogen,,,,"[-100,20]",
65,65,transfer_curve,0.2,0.075,-22.5,10000.0,saturation,nitrogen,,,,"[-100,20]",
66,66,transfer_curve,0.8,0.1,-15.0,1000000.0,saturation,nitrogen,,,,"[-100,20]",
67,67,transfer_curve,0.5,0.15,-5.0,100000.0,saturation,nitrogen,,,,"[-100,20]",
68,68,transfer_curve,0.11,0.02,0.08,282000.0,saturation,air,0.81,,-10.0,"[-10,5]",
69,69,transfer_curve,0.3,0.02,-0.17,446000.0,saturation,air,0.59,,-10.0,"[-10,5]",
70,70,transfer_curve,0.1,0.01,-0.8,232000.0,saturation,air,0.44,,-5.0,"[-5,1]",
71,71,transfer_curve,0.11,0.01,-0.8,163000.0,saturation,air,0.64,,-5.0,"[-5,1]",
72,72,transfer_curve,0.02,,-0.54,17300.0,linear,air,0.15,,-0.5,"[-5,1]",
73,73,transfer_curve,0.02,,-0.54,17300.0,linear,air,0.15,,-0.5,"[-5,1]",
74,74,transfer_curve,2.0,,,,saturation,nitrogen,,,-100.0,"[-100,100]",
75,75,transfer_curve,1.0,,,,saturation,nitrogen,,,-100.0,"[-100,100]",
76,76,transfer_curve,0.1,,,,saturation,nitrogen,,,-100.0,"[-100,100]",
77,77,transfer_curve,0.1,,,,saturation,nitrogen,,,-100.0,"[-100,100]",
78,78,transfer_curve,0.01,,,,saturation,nitrogen,,,-100.0,"[-100,100]",
79,79,transfer_curve,0.14,,,100000.0,saturation,,,,-40.0,"[-20,40]",
80,80,transfer_curve,0.3,,,100000.0,saturation,,,,-40.0,"[-20,40]",
81,81,transfer_curve,0.1,,,,saturation,nitrogen,,,-60.0,"[-60,20]",
82,82,transfer_curve,0.084,,,,saturation,nitrogen,,,-60.0,"[-60,60]",
83,83,transfer_curve,0.1,,,,saturation,nitrogen,,,-100.0,"[-100,-10]",
84,84,transfer_curve,0.17,,,,saturation,nitrogen,,,-100.0,"[-100,-10]",
85,85,transfer_curve,0.15,,,,saturation,nitrogen,,,-100.0,"[-100,-10]",
86,86,transfer_curve,0.28,,,,saturation,nitrogen,,,-100.0,"[-100,-10]",
87,87,transfer_curve,0.2,,,,saturation,nitrogen,,,-100.0,"[-100,-10]",
88,88,transfer_curve,0.29,,,,saturation,nitrogen,,,-100.0,"[-100,-10]",
89,89,transfer_curve,0.325,,,,saturation,nitrogen,,,-100.0,"[-100,-10]",
90,90,transfer_curve,0.36,,,,saturation,nitrogen,,,-100.0,"[-100,-10]",
91,91,transfer_curve,0.4,,,,saturation,nitrogen,,,-100.0,"[-100,-10]",
92,92,transfer_curve,0.18,,,,saturation,nitrogen,,,-100.0,"[-100,-10]",
93,93,transfer_curve,0.28,,,,saturation,nitrogen,,,-100.0,"[-100,-10]",
94,94,transfer_curve,0.23,,,,saturation,nitrogen,,,-100.0,"[-100,-10]",
95,95,transfer_curve,0.315,,,,saturation,nitrogen,,,-100.0,"[-100,-10]",
96,96,transfer_curve,0.18,,,,saturation,nitrogen,,,-100.0,"[-100,-10]",
97,97,transfer_curve,0.28,,,,saturation,nitrogen,,,-100.0,"[-100,-10]",
98,98,transfer_curve,0.3,,,,saturation,nitrogen,,,-100.0,"[-100,-10]",
99,99,transfer_curve,0.28,,,,saturation,nitrogen,,,-100.0,"[-100,-10]",
100,100,transfer_curve,0.275,,,,saturation,nitrogen,,,-100.0,"[-100,-10]",
101,101,transfer_curve,0.08,,,,saturation,nitrogen,,,-60.0,"[-60,0]",
102,102,transfer_curve,0.125,,,,saturation,nitrogen,,,-60.0,"[-60,0]",
103,103,transfer_curve,0.08,,,,saturation,nitrogen,,,-60.0,"[-60,0]",
104,104,transfer_curve,0.08,,,,saturation,nitrogen,,,-60.0,"[-60,0]",
105,105,transfer_curve,0.08,,,,saturation,nitrogen,,,-60.0,"[-60,0]",
106,106,transfer_curve,0.13,,,,saturation,nitrogen,,,-60.0,"[-60,0]",
107,107,transfer_curve,0.125,,,,saturation,nitrogen,,,-60.0,"[-60,0]",
108,108,transfer_curve,0.05,,,,saturation,nitrogen,,,-60.0,"[-60,0]",
109,109,transfer_curve,0.075,,,,saturation,nitrogen,,,-60.0,"[-60,0]",
110,110,transfer_curve,0.095,,,,saturation,nitrogen,,,-60.0,"[-60,0]",
111,111,transfer_curve,0.055,,,,saturation,nitrogen,,,-60.0,"[-60,0]",
112,112,transfer_curve,0.325,,,,saturation,nitrogen,,,-60.0,"[-60,0]",
113,113,transfer_curve,0.3,,,,saturation,nitrogen,,,-60.0,"[-60,0]",
114,114,transfer_curve,0.35,,,,saturation,nitrogen,,,-60.0,"[-60,0]",
115,115,transfer_curve,0.38,,,,saturation,nitrogen,,,-60.0,"[-60,0]",
116,116,transfer_curve,0.425,,,,saturation,nitrogen,,,-60.0,"[-60,0]",
117,117,transfer_curve,0.4,,,,saturation,nitrogen,,,-60.0,"[-60,0]",
118,118,transfer_curve,0.3,,,,saturation,nitrogen,,,-60.0,"[-60,0]",
119,119,transfer_curve,0.336,0.034,5.44,1500.0,saturation,nitrogen,,backward,-80.0,"[-100,10]",
120,120,transfer_curve,0.401,0.036,12.35,880.0,saturation,nitrogen,,backward,-80.0,"[-100,10]",
121,121,transfer_curve,0.56,0.08,9.48,900.0,saturation,nitrogen,,backward,-80.0,"[-100,10]",
122,122,transfer_curve,0.442,0.089,12.03,840.0,saturation,nitrogen,,backward,-80.0,"[-100,10]",
123,123,transfer_curve,0.397,0.086,18.5,420.0,saturation,nitrogen,,backward,-80.0,"[-100,10]",
124,124,transfer_curve,0.8,,-1.0,10000000.0,saturation,air,3.0,,-60.0,"[-30,5]",
125,125,transfer_curve,0.47,0.12,-2.0,1000000.0,saturation,nitrogen,,,,"[-100,40]",
126,126,transfer_curve,1.23,0.17,-4.0,1000000.0,saturation,nitrogen,,,,"[-100,40]",
127,127,transfer_curve,0.93,0.25,-14.0,1000000.0,saturation,nitrogen,,,,"[-100,40]",
128,128,transfer_curve,1.36,0.26,-16.0,1000000.0,saturation,nitrogen,,,,"[-100,40]",
129,129,transfer_curve,0.16,0.05,-28.77,100000.0,saturation,nitrogen,,,,"[-100,0]",
130,130,transfer_curve,0.32,0.06,-29.23,100000.0,saturation,nitrogen,,,,"[-100,0]",
131,131,transfer_curve,0.24,0.04,-27.08,100000.0,saturation,nitrogen,,,,"[-100,0]",
132,132,transfer_curve,0.27,0.04,-26.81,100000.0,saturation,nitrogen,,,,"[-100,0]",
133,133,transfer_curve,0.25,0.05,-16.47,100000.0,saturation,nitrogen,,,,"[-100,0]",
134,134,transfer_curve,0.2,0.04,-19.22,100000.0,saturation,nitrogen,,,,"[-100,0]",
135,135,transfer_curve,0.8,,,,saturation,nitrogen,,,-60.0,"[-60,20]",
136,136,transfer_curve,0.042815914,0.021110447,-30.60239064,18000.0,saturation,nitrogen,,backward,-80.0,"[-100,10]",
137,137,transfer_curve,0.113931203,0.017588452,-4.243247954,36500.0,saturation,nitrogen,,backward,-80.0,"[-100,10]",
138,138,transfer_curve,0.061765646,0.015667236,-4.767027445,28800.0,saturation,nitrogen,,backward,-80.0,"[-100,10]",
139,139,transfer_curve,0.22,0.0308,-15.3,860000.0,saturation,nitrogen,,backward,-80.0,"[-100,10]",
140,140,transfer_curve,0.105,0.03,-7.0,7000.0,saturation,nitrogen,,backward,-80.0,"[-100,10]",
141,141,transfer_curve,0.077,0.023,-11.0,21000.0,saturation,nitrogen,,backward,-80.0,"[-100,10]",
142,142,transfer_curve,0.052,0.024,-18.9,20400.0,saturation,nitrogen,,backward,-80.0,"[-100,10]",
143,143,transfer_curve,0.047,0.007,-12.8,13000.0,saturation,nitrogen,,backward,-80.0,"[-100,10]",
144,144,transfer_curve,0.104,0.01,1.7,20000.0,saturation,nitrogen,,backward,-80.0,"[-100,10]",
145,145,transfer_curve,0.187176952,0.037,-15.76536343,104000.0,saturation,nitrogen,,forward,-80.0,"[-100,10]",
146,146,transfer_curve,0.190528892,0.0409,-5.702253038,38400.0,saturation,nitrogen,,forward,-80.0,"[-100,10]",
147,147,transfer_curve,0.180283392,0.017,3.791659973,74000.0,saturation,nitrogen,,forward,-80.0,"[-100,10]",
148,148,transfer_curve,0.159097091,0.013,6.11632255,10300.0,saturation,nitrogen,,forward,-80.0,"[-100,10]",
149,149,transfer_curve,0.129223278,0.0166,9.628249873,21900.0,saturation,nitrogen,,forward,-80.0,"[-100,10]",
150,150,transfer_curve,0.14391696264953083,0.028575745778211318,-9.971100982461131,46443.72732373952,saturation,nitrogen,,forward,-80.0,"[-100,10]",
151,151,transfer_curve,0.1762462532346868,0.022898351336710667,8.504994334498122,2509.159020006437,saturation,nitrogen,,forward,-80.0,"[-100,10]",
152,152,transfer_curve,0.17430180670088127,0.026118877482593894,22.473569889685294,2601.4174613712594,saturation,nitrogen,,forward,-80.0,"[-100,10]",
153,153,transfer_curve,0.09292490565079684,0.006736488647740359,3.4208195214245283,4687.325368241758,saturation,nitrogen,,forward,-80.0,"[-100,10]",
154,154,transfer_curve,0.07440288767155169,0.009706545743896478,8.897806560278221,3437.17428202665,saturation,nitrogen,,forward,-80.0,"[-100,10]",
155,155,transfer_curve,0.124165231,0.02214,-29.18373807,415610.7475,saturation,nitrogen,,forward,-80.0,"[-80,10]",
156,156,transfer_curve,0.370376245,0.0337,-18.55878023,29382.43221,saturation,nitrogen,,forward,-80.0,"[-80,10]",
157,157,transfer_curve,0.319754,0.04869,-1.320205612,6162.467264,saturation,nitrogen,,forward,-80.0,"[-80,10]",
158,158,transfer_curve,0.257337819,0.0212477,16.93104169,2455.227029,saturation,nitrogen,,forward,-80.0,"[-80,10]",
159,159,transfer_curve,0.193502465,0.00815,22.03724998,927.2712067,saturation,nitrogen,,forward,-80.0,"[-80,10]",
160,160,transfer_curve,0.01253543310846242,0.0085896,-31.89739318716538,5075.0733071664135,saturation,nitrogen,,backward,-80.0,"[-80,10]",
161,161,transfer_curve,0.03833298702719241,0.0111768,-16.65933451945816,16164.034510369976,saturation,nitrogen,,backward,-80.0,"[-80,10]",
162,162,transfer_curve,0.10118202437186954,0.0120325,-8.565868823274474,19112.33941615256,saturation,nitrogen,,backward,-80.0,"[-80,10]",
163,163,transfer_curve,0.19860087071794363,0.0246048,-3.7909730133934665,7581.845499343515,saturation,nitrogen,,backward,-80.0,"[-80,10]",
164,164,transfer_curve,0.16384179726813897,0.01740145,-3.486283340475885,10444.50424633698,saturation,nitrogen,,backward,-80.0,"[-80,10]",
165,165,transfer_curve,0.17018720541138677,0.0172474,-2.949865986010432,5860.67122982402,saturation,nitrogen,,backward,-80.0,"[-80,10]",
166,166,transfer_curve,0.000412426964558155,4.632542397929541e-06,-13.1952622596777,21832.1999999999,saturation,nitrogen,,backward,-80.0,"[-80,10]",
167,167,transfer_curve,0.007139338285498153,0.00305,-18.168366025637425,1737.669427228061,saturation,nitrogen,,backward,-80.0,"[-80,10]",
168,168,transfer_curve,0.037411549535651435,0.00738,-17.976767238536237,14547.408615511991,saturation,nitrogen,,backward,-80.0,"[-80,10]",
169,169,transfer_curve,0.0726718247965534,0.017549,-16.3434602988178,14630.640745802593,saturation,nitrogen,,backward,-80.0,"[-80,10]",
170,170,transfer_curve,0.06377860003879009,0.01131,-11.802599511104434,12970.329771241983,saturation,nitrogen,,backward,-80.0,"[-80,10]",
171,171,transfer_curve,0.02764164706635896,0.0035,-9.521726163916787,14729.738626970278,saturation,nitrogen,,backward,-80.0,"[-80,10]",
172,172,transfer_curve,0.046912305061686276,0.00365,-4.499572571932098,76771.01516504047,saturation,nitrogen,,backward,-80.0,"[-80,10]",
173,173,transfer_curve,0.01194289322668589,0.015217803736615892,-33.31568957091112,7650.295989860804,saturation,nitrogen,,backward,-80.0,"[-80,10]",
174,174,transfer_curve,0.04211967682893608,0.009550148287846612,-13.82599963622516,83852.98947153057,saturation,nitrogen,,backward,-80.0,"[-80,10]",
175,175,transfer_curve,0.14800354504202118,0.05391073438870846,-14.607130983620669,1935.482504272336,saturation,nitrogen,,backward,-80.0,"[-80,10]",
176,176,transfer_curve,0.11180843536589069,0.025930155305069744,-14.369137388501787,8410.752565713497,saturation,nitrogen,,backward,-80.0,"[-80,10]",
177,177,transfer_curve,0.16362647154408475,0.04833421618381182,-4.795585346760768,1353.2652271516577,saturation,nitrogen,,backward,-80.0,"[-80,10]",
178,178,transfer_curve,0.141647658611969,0.047697201841199764,-5.310002641653317,2085.528962997366,saturation,nitrogen,,backward,-80.0,"[-80,10]",
179,179,transfer_curve,0.0008,,,,saturation,air,,,,"[-20,100]",
180,180,transfer_curve,0.0001,,,,saturation,air,,,,"[-20,100]",
181,181,transfer_curve,0.0003,,,,saturation,air,,,,"[-20,100]",
182,183,transfer_curve,0.006,,,,saturation,air,,,,"[-20,100]",
183,184,transfer_curve,0.009,,,,saturation,air,,,,"[-20,100]",
184,185,transfer_curve,0.007,,,,saturation,air,,,,"[-20,100]",
185,186,transfer_curve,0.001,,,,saturation,air,,,,"[-20,100]",
186,187,transfer_curve,0.01,,,,saturation,air,,,,"[-20,100]",
187,188,transfer_curve,0.009,,,,saturation,air,,,,"[-20,100]",
188,189,transfer_curve,0.006,,,,saturation,air,,,,"[-20,100]",
189,190,transfer_curve,0.001,,,,saturation,air,,,,"[-20,100]",
190,228,transfer_curve,0.0081,,,,saturation,air,,,,"[-60,30]",
191,230,transfer_curve,0.0076,,,,saturation,air,,,,"[-60,30]",
192,231,transfer_curve,0.027,,,,saturation,air,,,,"[-60,30]",
193,232,transfer_curve,0.017,,,,saturation,air,,,,"[-60,30]",
194,233,transfer_curve,0.01,,,,saturation,air,,,,"[-60,30]",
195,234,transfer_curve,0.07,,,,saturation,air,,,,"[-60,30]",
196,335,transfer_curve,0.000202,,,,linear,air,,,-3.0,,
197,336,transfer_curve,0.00719,,,,linear,air,,,-3.0,,
198,337,transfer_curve,0.0294,,,,linear,air,,,-3.0,,
199,338,transfer_curve,0.0506,,,,linear,air,,,-3.0,,
200,339,transfer_curve,0.0306,,,,linear,air,,,-3.0,,
201,340,transfer_curve,0.0361,,,,linear,air,,,-3.0,,
202,341,transfer_curve,0.0153,,,,linear,air,,,-3.0,,
203,342,transfer_curve,0.0273,,,,linear,nitrogen,,,-3.0,,
204,343,transfer_curve,0.0494,,,,linear,nitrogen,,,-3.0,,
205,344,transfer_curve,0.00116,,,,linear,nitrogen,,,-3.0,,
206,345,transfer_curve,0.00345,,,,linear,nitrogen,,,-3.0,,
207,346,transfer_curve,0.0608,,,,linear,nitrogen,,,-3.0,,
208,347,transfer_curve,0.0436,,,,linear,nitrogen,,,-3.0,,
209,348,transfer_curve,0.0205,,,,linear,nitrogen,,,-3.0,,
210,349,transfer_curve,0.0148,,,,linear,nitrogen,,,-3.0,,
211,350,transfer_curve,0.00073,,,,saturation,vacuum,,,,,
212,351,transfer_curve,0.0156,,,,saturation,vacuum,,,,,
213,352,transfer_curve,0.012,,,,,nitrogen,,,-60.0,,
214,353,transfer_curve,0.042,,,,,nitrogen,,,-60.0,,
215,354,transfer_curve,0.022,,,,,nitrogen,,,-60.0,,
216,355,transfer_curve,0.12,,,,,nitrogen,,,-60.0,,
217,356,transfer_curve,0.0076,,,,,nitrogen,,,-60.0,,
218,357,transfer_curve,0.03,,,,,nitrogen,,,-60.0,,
219,358,transfer_curve,0.041,,,,,nitrogen,,,-60.0,,
220,359,transfer_curve,0.049,,,,,nitrogen,,,-60.0,,
221,360,transfer_curve,0.063,,,,,nitrogen,,,-60.0,,
222,361,transfer_curve,0.0076,,,,saturation,nitrogen,,,-50.0,,
223,362,transfer_curve,0.00496,,,,saturation,nitrogen,,,-50.0,,
224,363,transfer_curve,0.00948,,,,saturation,nitrogen,,,-50.0,,
225,364,transfer_curve,0.012,,,,saturation,nitrogen,,,-50.0,,
226,365,transfer_curve,0.00529,,,,saturation,nitrogen,,,-50.0,,
227,366,transfer_curve,0.00554,,,,saturation,nitrogen,,,-50.0,,
228,367,transfer_curve,0.00299,,,,saturation,nitrogen,,,-50.0,,
229,368,transfer_curve,0.0081,,,,saturation,nitrogen,,,-50.0,,
230,369,transfer_curve,0.0017,,,,saturation,nitrogen,,,-50.0,,
231,370,transfer_curve,0.00149,,,,saturation,nitrogen,,,-50.0,,
232,371,transfer_curve,0.0305,,,,saturation,nitrogen,,,-50.0,,
233,372,transfer_curve,0.0631,,,,saturation,nitrogen,,,-50.0,,
234,373,transfer_curve,0.0775,,,,saturation,nitrogen,,,-50.0,,
235,374,transfer_curve,0.0982,,,,saturation,nitrogen,,,-50.0,,
236,375,transfer_curve,0.1226,,,,saturation,nitrogen,,,-50.0,,
237,376,transfer_curve,0.1435,,,,saturation,nitrogen,,,-50.0,,
238,377,transfer_curve,0.00994,,,,saturation,nitrogen,,,-50.0,,
239,378,transfer_curve,0.0187,,,,saturation,nitrogen,,,-50.0,,
240,379,transfer_curve,0.0273,,,,saturation,nitrogen,,,-50.0,,
241,380,transfer_curve,0.0539,,,,saturation,nitrogen,,,-50.0,,
242,381,transfer_curve,0.0612,,,,saturation,nitrogen,,,-50.0,,
243,382,transfer_curve,0.0662,,,,saturation,nitrogen,,,-50.0,,
244,383,transfer_curve,0.0652,,,,saturation,nitrogen,,,-50.0,,
245,384,transfer_curve,0.0813,,,,saturation,nitrogen,,,-50.0,,
246,385,transfer_curve,0.0145,,,,saturation,nitrogen,,,-50.0,,
247,386,transfer_curve,0.00544,,,,saturation,nitrogen,,,-50.0,,
248,387,transfer_curve,0.00363,,,,saturation,nitrogen,,,-50.0,,
249,388,transfer_curve,0.00296,,,,saturation,nitrogen,,,-50.0,,
250,389,transfer_curve,0.0229,,,,saturation,nitrogen,,,-50.0,,
251,390,transfer_curve,0.0183,,,,saturation,nitrogen,,,-50.0,,
252,391,transfer_curve,0.014,,,,saturation,nitrogen,,,-50.0,,
253,392,transfer_curve,0.0119,,,,saturation,nitrogen,,,-50.0,,
254,393,transfer_curve,0.0171,,,,saturation,nitrogen,,,-50.0,,
255,394,transfer_curve,0.012,,,,saturation,nitrogen,,,-50.0,,
256,395,transfer_curve,0.00993,,,,saturation,nitrogen,,,-50.0,,
257,396,transfer_curve,0.00757,,,,saturation,nitrogen,,,-50.0,,
258,397,transfer_curve,0.077,,,,saturation,nitrogen,,,-50.0,,
259,398,transfer_curve,0.068,,,,saturation,nitrogen,,,-50.0,,
260,399,transfer_curve,0.065,,,,saturation,nitrogen,,,-50.0,,
261,400,transfer_curve,0.0631,,,,saturation,nitrogen,,,-50.0,,
262,401,transfer_curve,0.00762,,,,saturation,nitrogen,,,-50.0,,
263,402,transfer_curve,0.00381,,,,saturation,nitrogen,,,-50.0,,
264,403,transfer_curve,0.00255,,,,saturation,nitrogen,,,-50.0,,
265,404,transfer_curve,0.00168,,,,saturation,nitrogen,,,-50.0,,
266,405,transfer_curve,0.1378,,,,saturation,nitrogen,,,-50.0,,
267,406,transfer_curve,0.135,,,,saturation,nitrogen,,,-50.0,,
268,407,transfer_curve,0.1253,,,,saturation,nitrogen,,,-50.0,,
269,408,transfer_curve,0.12,,,,saturation,nitrogen,,,-50.0,,
270,409,transfer_curve,0.00423,,,,saturation,nitrogen,,,-80.0,,
271,410,transfer_curve,0.00793,,,,saturation,nitrogen,,,-80.0,,
272,411,transfer_curve,0.0107,,,,saturation,nitrogen,,,-80.0,,
273,412,transfer_curve,0.0165,,,,saturation,nitrogen,,,-80.0,,
274,413,transfer_curve,0.0101,,,,saturation,nitrogen,,,-80.0,,
275,414,transfer_curve,0.00892,,,,saturation,nitrogen,,,-80.0,,
276,415,transfer_curve,0.0047,,,,saturation,nitrogen,,,-80.0,,
277,416,transfer_curve,0.00406,,,,saturation,nitrogen,,,-80.0,,
278,417,transfer_curve,0.00214,,,,saturation,nitrogen,,,-80.0,,
279,418,transfer_curve,0.00228,,,,saturation,nitrogen,,,-80.0,,
280,419,transfer_curve,0.00279,,,,saturation,nitrogen,,,-80.0,,
281,420,transfer_curve,0.000556,,,,saturation,nitrogen,,,-80.0,,
282,421,transfer_curve,0.000413,,,,saturation,nitrogen,,,-80.0,,
283,422,transfer_curve,0.000426,,,,saturation,nitrogen,,,-80.0,,
284,423,transfer_curve,0.000254,,,,saturation,nitrogen,,,-80.0,,
285,424,transfer_curve,0.000309,,,,saturation,nitrogen,,,-80.0,,
286,425,transfer_curve,0.000377,,,,saturation,nitrogen,,,-80.0,,
287,426,transfer_curve,0.2366,,,,saturation,nitrogen,,,-60.0,,
288,427,transfer_curve,0.2429,,,,saturation,nitrogen,,,-60.0,,
289,428,transfer_curve,0.2587,,,,saturation,nitrogen,,,-60.0,,
290,429,transfer_curve,0.2644,,,,saturation,nitrogen,,,-60.0,,
291,430,transfer_curve,0.2825,,,,saturation,nitrogen,,,-60.0,,
292,431,transfer_curve,0.21,,,,saturation,nitrogen,,,-60.0,,
293,432,transfer_curve,0.1651,,,,saturation,nitrogen,,,-60.0,,
294,433,transfer_curve,0.1504,,,,saturation,nitrogen,,,-60.0,,
295,434,transfer_curve,0.1602,,,,saturation,nitrogen,,,-60.0,,
296,435,transfer_curve,0.1813,,,,saturation,nitrogen,,,-60.0,,
297,436,transfer_curve,0.2193,,,,saturation,nitrogen,,,-60.0,,
298,437,transfer_curve,0.2438,,,,saturation,nitrogen,,,-60.0,,
299,438,transfer_curve,0.1188,,,,saturation,nitrogen,,,-60.0,,
300,439,transfer_curve,0.0385,,,,saturation,nitrogen,,,-60.0,,
301,440,transfer_curve,0.2364,,,,saturation,nitrogen,,,-60.0,,
302,441,transfer_curve,0.2626,,,,saturation,nitrogen,,,-60.0,,
303,442,transfer_curve,0.2826,,,,saturation,nitrogen,,,-60.0,,
304,443,transfer_curve,0.2753,,,,saturation,nitrogen,,,-60.0,,
305,444,transfer_curve,0.2717,,,,saturation,nitrogen,,,-60.0,,
306,445,transfer_curve,0.2341,,,,saturation,nitrogen,,,-60.0,,
307,446,transfer_curve,0.1697,,,,saturation,nitrogen,,,-60.0,,
308,447,transfer_curve,0.1509,,,,saturation,nitrogen,,,-60.0,,
309,448,transfer_curve,0.1773,,,,saturation,nitrogen,,,-60.0,,
310,449,transfer_curve,0.2454,,,,saturation,nitrogen,,,-60.0,,
311,450,transfer_curve,0.242,,,,saturation,nitrogen,,,-60.0,,
312,451,transfer_curve,0.2053,,,,saturation,nitrogen,,,-60.0,,
313,452,transfer_curve,0.1757,,,,saturation,nitrogen,,,-60.0,,
314,453,transfer_curve,0.119,,,,saturation,nitrogen,,,-60.0,,
315,454,transfer_curve,0.03522,,,,linear,nitrogen,,,-3.0,,
316,455,transfer_curve,0.05182,,,,linear,nitrogen,,,-3.0,,
317,456,transfer_curve,0.05468,,,,linear,nitrogen,,,-3.0,,
318,457,transfer_curve,0.10343,,,,linear,nitrogen,,,-3.0,,
319,458,transfer_curve,0.0539,,,,linear,nitrogen,,,-3.0,,
320,459,transfer_curve,0.02093,,,,linear,nitrogen,,,-3.0,,
321,460,transfer_curve,0.01123,,,,linear,nitrogen,,,-3.0,,
322,461,transfer_curve,6.3e-05,,,,saturation,,,,-60.0,,
323,462,transfer_curve,0.00016,,,,saturation,,,,-60.0,,
324,463,transfer_curve,0.014,,,,saturation,,,,-60.0,,
325,464,transfer_curve,0.00056,,,,saturation,,,,-60.0,,
326,465,transfer_curve,0.00018,,,,saturation,,,,-60.0,,
327,466,transfer_curve,5.43e-06,,,,saturation,nitrogen,,,-95.0,,
328,467,transfer_curve,0.0003558,,,,saturation,nitrogen,,,-95.0,,
329,468,transfer_curve,0.000735,,,,saturation,nitrogen,,,-95.0,,
330,469,transfer_curve,0.00748,,,,saturation,nitrogen,,,-95.0,,
331,470,transfer_curve,1.61e-05,,,,saturation,nitrogen,,,-95.0,,
332,471,transfer_curve,0.0005366,,,,saturation,nitrogen,,,-95.0,,
333,472,transfer_curve,0.00419,,,,saturation,nitrogen,,,-95.0,,
334,473,transfer_curve,0.00908,,,,saturation,nitrogen,,,-95.0,,
335,474,transfer_curve,1.74e-06,,,,saturation,nitrogen,,,-95.0,,
336,475,transfer_curve,0.00785,,,,saturation,nitrogen,,,-95.0,,
337,476,transfer_curve,0.00767,,,,saturation,nitrogen,,,-95.0,,
338,477,transfer_curve,0.0001921,,,,saturation,nitrogen,,,,,
339,478,transfer_curve,0.000516,,,,saturation,nitrogen,,,,,
340,479,transfer_curve,0.00615,,,,saturation,nitrogen,,,,,
341,480,transfer_curve,1.69e-06,,,,saturation,nitrogen,,,,,
342,481,transfer_curve,0.00067,,,,saturation,nitrogen,,,,,
343,482,transfer_curve,0.00783,,,,saturation,nitrogen,,,,,
344,483,transfer_curve,7.01e-05,,,,saturation,nitrogen,,,,,
345,484,transfer_curve,0.0009827,,,,saturation,nitrogen,,,,,
346,485,transfer_curve,0.0284,,,,saturation,nitrogen,,,,,
347,486,transfer_curve,5.08e-05,,,,saturation,nitrogen,,,,,
348,487,transfer_curve,0.00357,,,,saturation,nitrogen,,,,,
349,488,transfer_curve,0.00615,,,,saturation,nitrogen,,,,,
350,489,transfer_curve,0.0239,,,,saturation,nitrogen,,,-80.0,,
351,490,transfer_curve,0.0305,,,,saturation,nitrogen,,,-80.0,,
352,491,transfer_curve,0.0335,,,,saturation,nitrogen,,,-80.0,,
353,492,transfer_curve,0.0145,,,,saturation,nitrogen,,,-80.0,,
354,493,transfer_curve,0.0035,,,,saturation,,,,-60.0,,
355,494,transfer_curve,0.0035,,,,saturation,,,,-60.0,,
356,495,transfer_curve,0.0035,,,,saturation,,,,-60.0,,
357,496,transfer_curve,0.0035,,,,saturation,,,,-60.0,,
358,497,transfer_curve,0.00032,,,,saturation,,,,-60.0,,
359,498,transfer_curve,0.00032,,,,saturation,,,,-60.0,,
360,499,transfer_curve,0.00032,,,,saturation,,,,-60.0,,
361,500,transfer_curve,0.00032,,,,saturation,,,,-60.0,,
362,501,transfer_curve,0.00381,,,,linear,vacuum,,,,,
363,502,transfer_curve,0.031745636,,,,linear,vacuum,,,,,
364,503,transfer_curve,4.58e-05,,,,saturation,nitrogen,,,-60.0,,
365,504,transfer_curve,0.019,,,,saturation,nitrogen,,,-60.0,,
366,505,transfer_curve,0.016,,,,saturation,nitrogen,,,-60.0,,
367,506,transfer_curve,1.23e-06,,,,saturation,nitrogen,,,-60.0,,
368,507,transfer_curve,0.000609,,,,saturation,nitrogen,,,-60.0,,
369,508,transfer_curve,0.0106,,,,saturation,nitrogen,,,-60.0,,
370,509,transfer_curve,0.023,,,,saturation,nitrogen,,,-60.0,,
371,510,transfer_curve,0.015,,,,saturation,nitrogen,,,-60.0,,
372,511,transfer_curve,0.0011,,,,saturation,nitrogen,,,-60.0,,
373,512,transfer_curve,0.0016,,,,saturation,nitrogen,,,-60.0,,
374,513,transfer_curve,0.0024,,,,saturation,nitrogen,,,-60.0,,
375,514,transfer_curve,0.015,,,,saturation,nitrogen,,,-60.0,,
376,515,transfer_curve,0.085,,,,saturation,nitrogen,,,-60.0,,
377,516,transfer_curve,0.15,,,,saturation,nitrogen,,,-60.0,,
378,517,transfer_curve,0.00015,,,,saturation,nitrogen,,,-60.0,,
379,518,transfer_curve,0.0014,,,,saturation,nitrogen,,,-60.0,,
380,519,transfer_curve,0.021,,,,saturation,nitrogen,,,-60.0,,
381,520,transfer_curve,0.0023,,,,saturation,nitrogen,,,-60.0,,
382,521,transfer_curve,0.25,,,,saturation,nitrogen,,,-60.0,,
383,522,transfer_curve,4.86e-05,,,,saturation,nitrogen,,,-60.0,,
384,523,transfer_curve,0.000551,,,,saturation,nitrogen,,,-60.0,,
385,524,transfer_curve,0.00399,,,,saturation,nitrogen,,,-60.0,,
386,525,transfer_curve,0.0229,,,,saturation,nitrogen,,,-60.0,,
387,526,transfer_curve,0.000114,,,,saturation,nitrogen,,,-60.0,,
388,527,transfer_curve,0.000912,,,,saturation,nitrogen,,,-60.0,,
389,528,transfer_curve,0.00687,,,,saturation,nitrogen,,,-60.0,,
390,529,transfer_curve,0.017,,,,saturation,nitrogen,,,-60.0,,
391,530,transfer_curve,1.46e-05,,,,saturation,nitrogen,,,-60.0,,
392,531,transfer_curve,3.43e-05,,,,saturation,nitrogen,,,-60.0,,
393,532,transfer_curve,0.000709,,,,saturation,nitrogen,,,-60.0,,
394,533,transfer_curve,0.00414,,,,saturation,nitrogen,,,-60.0,,
395,534,transfer_curve,0.0364,,,,saturation,nitrogen,,,-60.0,,
396,535,transfer_curve,5.5e-07,,,,saturation,nitrogen,,,-80.0,,
397,536,transfer_curve,2.5e-06,,,,saturation,nitrogen,,,-80.0,,
398,537,transfer_curve,1.6e-05,,,,saturation,nitrogen,,,-80.0,,
399,538,transfer_curve,4.3e-05,,,,saturation,nitrogen,,,-80.0,,
400,539,transfer_curve,0.0013,,,,saturation,nitrogen,,,-80.0,,
401,540,transfer_curve,0.00047,,,,saturation,nitrogen,,,-80.0,,
402,541,transfer_curve,0.0026,,,,saturation,nitrogen,,,-80.0,,
403,542,transfer_curve,0.0042,,,,saturation,nitrogen,,,-80.0,,
404,543,transfer_curve,0.00368,,,,saturation,air,,,,,
405,544,transfer_curve,0.00135,,,,saturation,air,,,,,
406,545,transfer_curve,0.000629,,,,saturation,air,,,,,
407,546,transfer_curve,0.000871,,,,saturation,air,,,,,
408,547,transfer_curve,0.00102,,,,saturation,air,,,,,
409,548,transfer_curve,0.00102,,,,saturation,air,,,,,
410,549,transfer_curve,0.00305,,,,saturation,air,,,,,
411,550,transfer_curve,0.00803,,,,saturation,air,,,,,
412,551,transfer_curve,0.00953,,,,saturation,air,,,,,
413,552,transfer_curve,0.00915,,,,saturation,air,,,,,
