polymer_id,iupac_name,common_name,mw,mn,dispersity,meta.regioregularity,meta.sidechain
1,"poly[2,5-(2-octyldodecyl)-3,6-diketopyrrolopyrrole-alt-5,5-(2,5-di(thien-2-yl)thieno [3,2-b]thiophene)]",DPP-DTT,299.0,90.0,3.32,,C2H3-(C8H17)(C10H21)
2,"poly[2,5-(2-octyldodecyl)-3,6-diketopyrrolopyrrole-alt-5,5-(2,5-di(thien-2-yl)thieno [3,2-b]thiophene)]",DPP-DTT,292.2,74.9,3.9,,C2H3-(C8H17)(C10H21)
3,"poly[2,5-(2-octyldodecyl)-3,6-diketopyrrolopyrrole-alt-5,5-(2,5-di(thien-2-yl)thieno [3,2-b]thiophene)]",DPP-DTT,91.0,29.0,3.14,,C2H3-(C8H17)(C10H21)
4,"poly[2,5-(2-octyldodecyl)-3,6-diketopyrrolopyrrole-alt-5,5-(2,5-di(thien-2-yl)thieno [3,2-b]thiophene)]",DPP-DTT,344.0,71.0,4.85,,C2H3-(C8H17)(C10H21)
5,"poly[2,5-(2-octyldodecyl)-3,6-diketopyrrolopyrrole-alt-5,5-(2,5-di(thien-2-yl)thieno [3,2-b]thiophene)]",DPP-DTT,501.0,110.0,4.55,,C2H3-(C8H17)(C10H21)
6,"poly[2,5-(2-octyldodecyl)-3,6-diketopyrrolopyrrole-alt-5,5-(2,5-di(thien-2-yl)thieno [3,2-b]thiophene)]",DPP-DTT,199.0,55.0,3.62,,C2H3-(C8H17)(C10H21)
7,"poly[2,5-(2-octyldodecyl)-3,6-diketopyrrolopyrrole-alt-5,5-(2,5-di(thien-2-yl)thieno [3,2-b]thiophene)]",DPP-DTT,290.0,143.0,2.03,,C2H3-(C8H17)(C10H21)
8,"poly[2,5-(2-octyldodecyl)-3,6-diketopyrrolopyrrole-alt-5,5-(2,5-di(thien-2-yl)thieno [3,2-b]thiophene)]",DPP-DTT,100.0,67.0,3.0,,C2H3-(C8H17)(C10H21)
9,"poly[2,5-(2-octyldodecyl)-3,6-diketopyrrolopyrrole-alt-5,5-(2,5-di(thien-2-yl)thieno [3,2-b]thiophene)]",DPP-DTT,279.0,77.0,3.65,,C2H3-(C8H17)(C10H21)
10,"poly[2,5-(2-octyldodecyl)-3,6-diketopyrrolopyrrole-alt-5,5-(2,5-di(thien-2-yl)thieno [3,2-b]thiophene)]",DPP-DTT,102.0,43.0,2.0,,C4H7-(C10H21)2
11,"poly[2,5-(2-octyldodecyl)-3,6-diketopyrrolopyrrole-alt-5,5-(2,5-di(thien-2-yl)thieno [3,2-b]thiophene)]",DPP-DTT,250.0,,,,C2H3-(C8H17)(C10H21)
12,"poly[2,5-(2-octyldodecyl)-3,6-diketopyrrolopyrrole-alt-5,5-(2,5-di(thien-2-yl)thieno [3,2-b]thiophene)]",DPP-DTT,350.0,125.0,2.8,,C2H3-(C8H17)(C10H21)
13,"poly[2,5-(2-octyldodecyl)-3,6-diketopyrrolopyrrole-alt-5,5-(2,5-di(thien-2-yl)thieno [3,2-b]thiophene)]",DPP-DTT,50.0,20.0,2.5,,C2H3-(C8H17)(C10H21)
14,"poly[2,5-(2-octyldodecyl)-3,6-diketopyrrolopyrrole-alt-5,5-(2,5-di(thien-2-yl)thieno [3,2-b]thiophene)]",DPP-DTT,,106.0,,,C2H3-(C8H17)(C10H21)
15,"poly[2,5-(2-octyldodecyl)-3,6-diketopyrrolopyrrole-alt-5,5-(2,5-di(thien-2-yl)thieno [3,2-b]thiophene)]",DPP-DTT,,,,,C2H3-(C8H17)(C10H21)
16,"poly[2,5-(2-octyldodecyl)-3,6-diketopyrrolopyrrole-alt-5,5-(2,5-di(thien-2-yl)thieno [3,2-b]thiophene)]",DPP-DTT,104.0,20.0,5.2,,C4H7-(C10H21)2
17,"poly[2,5-(2-octyldodecyl)-3,6-diketopyrrolopyrrole-alt-5,5-(2,5-di(thien-2-yl)thieno [3,2-b]thiophene)]",DPP-DTT,292.0,143.0,2.03,,C2H3-(C8H17)(C10H21)
18,"poly[2,5-(2-octyldodecyl)-3,6-diketopyrrolopyrrole-alt-5,5-(2,5-di(thien-2-yl)thieno [3,2-b]thiophene)]",DPP-DTT,255.0,94.4,2.7,,C2H3-(C8H17)(C10H21)
19,"poly[2,5-(2-octyldodecyl)-3,6-diketopyrrolopyrrole-alt-5,5-(2,5-di(thien-2-yl)thieno [3,2-b]thiophene)]",DPP-DTT,193.5,50.0,3.87,,C2H3-(C8H17)(C10H21)
20,"poly[2,5-(2-octyldodecyl)-3,6-diketopyrrolopyrrole-alt-5,5-(2,5-di(thien-2-yl)thieno [3,2-b]thiophene)]",DPP-DTT,54.79,20.052,2.73,,C4H7-(C10H21)2
21,"poly[2,5-(2-octyldodecyl)-3,6-diketopyrrolopyrrole-alt-5,5-(2,5-di(thien-2-yl)thieno [3,2-b]thiophene)]",DPP-DTT,250.0,68.0,3.67,,C2H3-(C8H17)(C10H21)
22,"poly[2,5-(2-octyldodecyl)-3,6-diketopyrrolopyrrole-alt-5,5-(2,5-di(thien-2-yl)thieno [3,2-b]thiophene)]",DPP-DTT,204.0,66.0,3.1,,C2H3-(C8H17)(C10H21)
23,"poly[2,5-(2-octyldodecyl)-3,6-diketopyrrolopyrrole-alt-5,5-(2,5-di(thien-2-yl)thieno [3,2-b]thiophene)]",DPP-DTT,110.0,44.0,2.5,,C2H3-(C8H17)(C10H21)
24,"poly[2,5-(2-octyldodecyl)-3,6-diketopyrrolopyrrole-alt-5,5-(2,5-di(thien-2-yl)thieno [3,2-b]thiophene)]",DPP-DTT,152.0,55.0,2.76,,C2H3-(C8H17)(C10H21)
25,"poly{[N,N'-bis(2-octyldodecyl)naphthalene-1,4,5,8-bis(dicarboximide)-2,6-diyl]-alt-5,5'-(2,2'-bithiophene)}",N2200,23.0,12.0,1.9,,
26,"poly{[N,N'-bis(2-octyldodecyl)naphthalene-1,4,5,8-bis(dicarboximide)-2,6-diyl]-alt-5,5'-(2,2'-bithiophene)}",N2200,72.0,22.5,3.2,,
27,"poly{[N,N'-bis(2-octyldodecyl)naphthalene-1,4,5,8-bis(dicarboximide)-2,6-diyl]-alt-5,5'-(2,2'-bithiophene)}",N2200,250.0,108.7,2.3,,
28,"poly{[N,N'-bis(2-octyldodecyl)naphthalene-1,4,5,8-bis(dicarboximide)-2,6-diyl]-alt-5,5'-(2,2'-bithiophene)}",N2200,14.0,10.0,1.4,,
29,"poly{[N,N'-bis(2-octyldodecyl)naphthalene-1,4,5,8-bis(dicarboximide)-2,6-diyl]-alt-5,5'-(2,2'-bithiophene)}",N2200,38.0,17.0,2.23,,
30,"poly{[N,N'-bis(2-octyldodecyl)naphthalene-1,4,5,8-bis(dicarboximide)-2,6-diyl]-alt-5,5'-(2,2'-bithiophene)}",N2200,91.0,30.0,3.03,,
31,"poly{[N,N'-bis(2-octyldodecyl)naphthalene-1,4,5,8-bis(dicarboximide)-2,6-diyl]-alt-5,5'-(2,2'-bithiophene)}",N2200,124.0,35.0,3.5,,
32,"poly{[N,N'-bis(2-octyldodecyl)naphthalene-1,4,5,8-bis(dicarboximide)-2,6-diyl]-alt-5,5'-(2,2'-bithiophene)}",N2200,123.0,41.0,3.0,,
33,"poly{[N,N'-bis(2-octyldodecyl)naphthalene-1,4,5,8-bis(dicarboximide)-2,6-diyl]-alt-5,5'-(2,2'-bithiophene)}",N2200,,,,,
34,"poly{[N,N'-bis(2-octyldodecyl)naphthalene-1,4,5,8-bis(dicarboximide)-2,6-diyl]-alt-5,5'-(2,2'-bithiophene)}",N2200,26.6,15.2,1.75,,
35,"poly{[N,N'-bis(2-octyldodecyl)naphthalene-1,4,5,8-bis(dicarboximide)-2,6-diyl]-alt-5,5'-(2,2'-bithiophene)}",N2200,50.43,20.5,2.46,,
36,"poly{[N,N'-bis(2-octyldodecyl)naphthalene-1,4,5,8-bis(dicarboximide)-2,6-diyl]-alt-5,5'-(2,2'-bithiophene)}",N2200,99.5,48.3,2.06,,
37,"poly{[N,N'-bis(2-octyldodecyl)naphthalene-1,4,5,8-bis(dicarboximide)-2,6-diyl]-alt-5,5'-(2,2'-bithiophene)}",N2200,236.0,103.5,2.28,,
38,"poly{[N,N'-bis(2-octyldodecyl)naphthalene-1,4,5,8-bis(dicarboximide)-2,6-diyl]-alt-5,5'-(2,2'-bithiophene)}",N2200,394.34,163.2,2.42,,
39,"poly{[N,N'-bis(2-octyldodecyl)naphthalene-1,4,5,8-bis(dicarboximide)-2,6-diyl]-alt-5,5'-(2,2'-bithiophene)}",N2200,132.69,64.1,2.07,,
40,"poly{[N,N'-bis(2-octyldodecyl)naphthalene-1,4,5,8-bis(dicarboximide)-2,6-diyl]-alt-5,5'-(2,2'-bithiophene)}",N2200,82.8,46.0,1.8,,
41,"poly{[N,N'-bis(2-octyldodecyl)naphthalene-1,4,5,8-bis(dicarboximide)-2,6-diyl]-alt-5,5'-(2,2'-bithiophene)}",N2200,48.0,10.2,4.7,,
42,"poly{[N,N'-bis(2-octyldodecyl)naphthalene-1,4,5,8-bis(dicarboximide)-2,6-diyl]-alt-5,5'-(2,2'-bithiophene)}",N2200,171.0,57.0,3.0,,
43,"poly(3-hexylthiophene-2,5-diyl)",P3HT,47.7,24.0,1.9875,93.0,
44,"poly(3-hexylthiophene-2,5-diyl)",P3HT,47.7,24.0,1.9875,94.0,
45,"poly(3-hexylthiophene-2,5-diyl)",P3HT,23.0,12.7,1.811023622,98.0,
46,"poly(3-hexylthiophene-2,5-diyl)",P3HT,,65.5,,96.6,
47,"poly(3-hexylthiophene-2,5-diyl)",P3HT,,37.0,,98.0,
48,"poly(3-hexylthiophene-2,5-diyl)",P3HT,15.4,10.3,1.5,,
49,"poly(3-hexylthiophene-2,5-diyl)",P3HT,20.0,11.1,1.8,,
50,"poly(3-hexylthiophene-2,5-diyl)",P3HT,22.0,13.8,1.6,,
51,"poly(3-hexylthiophene-2,5-diyl)",P3HT,29.0,19.3,1.5,,
52,"poly(3-hexylthiophene-2,5-diyl)",P3HT,42.0,23.3,1.8,,
53,"poly(3-hexylthiophene-2,5-diyl)",P3HT,52.0,22.6,2.3,,
54,"poly(3-hexylthiophene-2,5-diyl)",P3HT,76.0,44.7,1.7,,
55,"poly(3-hexylthiophene-2,5-diyl)",P3HT,270.0,117.4,2.3,,
56,"poly(3-hexylthiophene-2,5-diyl)",P3HT,91.481,40.3,2.27,92.0,
57,"poly(3-hexylthiophene-2,5-diyl)",P3HT,,39.5,,,
58,"poly(3-hexylthiophene-2,5-diyl)",P3HT,207.0,90.0,2.3,96.0,
59,"poly(3-hexylthiophene-2,5-diyl)",P3HT,,68.0,,98.5,
60,"poly(3-hexylthiophene-2,5-diyl)",P3HT,4.4,4.0,1.1,98.0,
61,"poly(3-hexylthiophene-2,5-diyl)",P3HT,10.8,9.0,1.2,98.0,
62,"poly(3-hexylthiophene-2,5-diyl)",P3HT,13.92,11.6,1.2,98.0,
63,"poly(3-hexylthiophene-2,5-diyl)",P3HT,50.7,33.8,1.5,98.0,
64,"poly(3-hexylthiophene-2,5-diyl)",P3HT,5.98,4.6,1.3,98.0,
65,"poly(3-hexylthiophene-2,5-diyl)",P3HT,24.12,13.4,1.8,98.0,
66,"poly(3-hexylthiophene-2,5-diyl)",P3HT,56.62,29.8,1.9,98.0,
67,"poly(3-hexylthiophene-2,5-diyl)",P3HT,62.05,36.5,1.7,98.0,
68,"poly(3-hexylthiophene-2,5-diyl)",P3HT,4.48,3.2,1.4,98.0,
69,"poly(3-hexylthiophene-2,5-diyl)",P3HT,19.44,16.2,1.2,98.0,
70,"poly(3-hexylthiophene-2,5-diyl)",P3HT,43.54,31.1,1.4,98.0,
71,"poly(3-hexylthiophene-2,5-diyl)",P3HT,,3.2,,98.0,
72,"poly(3-hexylthiophene-2,5-diyl)",P3HT,,9.0,,98.0,
73,"poly(3-hexylthiophene-2,5-diyl)",P3HT,,31.1,,98.0,
74,"poly(3-hexylthiophene-2,5-diyl)",P3HT,48.96,24.0,2.04,98.0,
75,"poly(3-hexylthiophene-2,5-diyl)",P3HT,,25.0,,90.0,
76,"poly(3-hexylthiophene-2,5-diyl)",P3HT,47.7,24.0,1.9875,92.0,
77,"poly(3-hexylthiophene-2,5-diyl)",P3HT,5.1,5.1,1.0,90.0,
78,"poly(3-hexylthiophene-2,5-diyl)",P3HT,11.3,11.3,1.0,90.0,
79,"poly(3-hexylthiophene-2,5-diyl)",P3HT,18.6,18.6,1.0,90.0,
80,"poly(3-hexylthiophene-2,5-diyl)",P3HT,6.608,5.6,1.18,90.0,
81,"poly(3-hexylthiophene-2,5-diyl)",P3HT,20.424,13.8,1.48,90.0,
82,"poly(3-hexylthiophene-2,5-diyl)",P3HT,25.65,19.0,1.35,90.0,
83,"poly(3-hexylthiophene-2,5-diyl)",P3HT,37.74,25.5,1.48,98.5,
84,"poly(3-hexylthiophene-2,5-diyl)",P3HT,2.755,1.9,1.45,98.0,
85,"poly(3-hexylthiophene-2,5-diyl)",P3HT,11.592,5.6,2.07,98.0,
86,"poly(3-hexylthiophene-2,5-diyl)",P3HT,21.384,10.8,1.98,98.0,
87,"poly(3-hexylthiophene-2,5-diyl)",P3HT,60.75,27.0,2.25,98.0,
88,"poly(3-hexylthiophene-2,5-diyl)",P3HT,1.4279000000000002,1.09,1.31,98.0,
89,"poly(3-hexylthiophene-2,5-diyl)",P3HT,11.591999999999999,5.6,2.07,98.0,
90,"poly(3-hexylthiophene-2,5-diyl)",P3HT,3.146,2.2,1.43,91.0,
91,"poly(3-hexylthiophene-2,5-diyl)",P3HT,6.608,5.6,1.18,91.0,
92,"poly(3-hexylthiophene-2,5-diyl)",P3HT,20.424,13.8,1.48,91.0,
93,"poly(3-hexylthiophene-2,5-diyl)",P3HT,25.65,19.0,1.35,91.0,
94,"poly(3-hexylthiophene-2,5-diyl)",P3HT,70.0,35.0,2.0,97.0,
95,"poly(3-hexylthiophene-2,5-diyl)",P3HT,163.2,68.0,2.4,90.0,
96,poly(dimethylsiloxane),PDMS,,,,,
97,poly(styrene),PS,2.2,,1.01,,
98,poly(styrene),PS,19.7,,1.03,,
99,poly(styrene),PS,97.1,,1.03,,
100,poly(styrene),PS,301.6,,1.04,,
101,poly(styrene),PS,280.0,,,,
102,phenyl-C70-butyric acid methyl ester,PC70BM,,,,,
103,phenyl-C61-butyric acid methyl ester,PCBM,,,,,
104,poly(styrene),PS,35.0,,,,
105,poly(styrene),PS,33.37,,1.03,,
106,ethylene glycol,EG,,,,,
